language,train_examples,test_examples,avg_train_words,avg_test_words,unique_train_words,labels
English,3000,2974,6.9656666666666665,6.821452589105582,2637,60
Turkish,3000,2974,5.554666666666667,5.447881640887694,4376,60
Swahili,3000,2974,6.557666666666667,6.380968392737055,3091,60
Amharic,3000,2974,5.628333333333333,5.447881640887694,4578,60
