language,best_tokenizer,best_macro_f1,word_macro_f1,bpe_macro_f1,unigram_macro_f1
Amharic,bpe,0.6433585941936398,0.5672780029594798,0.6433585941936398,0.6328438837701267
English,unigram,0.7117551096826152,0.6830255332637699,0.7036322480904024,0.7117551096826152
Swahili,unigram,0.7086732540266814,0.6724546332345805,0.6971092879908594,0.7086732540266814
Turkish,bpe,0.6945048627737439,0.5965190967554914,0.6945048627737439,0.6667741047688183
